{
  "id": "4014724",
  "name": "问答平台",
  "font_family": "iconfont",
  "css_prefix_text": "icon-",
  "description": "问答平台",
  "glyphs": [
    {
      "icon_id": "6529905",
      "name": "空",
      "font_class": "kong",
      "unicode": "e708",
      "unicode_decimal": 59144
    },
    {
      "icon_id": "201638",
      "name": "编辑",
      "font_class": "bianji",
      "unicode": "e603",
      "unicode_decimal": 58883
    },
    {
      "icon_id": "687392",
      "name": "返回",
      "font_class": "fanhui",
      "unicode": "e6ff",
      "unicode_decimal": 59135
    },
    {
      "icon_id": "1304884",
      "name": "删除",
      "font_class": "shanchu",
      "unicode": "e621",
      "unicode_decimal": 58913
    },
    {
      "icon_id": "3005659",
      "name": "稿件-作者",
      "font_class": "gaojian-zuozhe",
      "unicode": "e673",
      "unicode_decimal": 58995
    },
    {
      "icon_id": "4942671",
      "name": "完成",
      "font_class": "wancheng1",
      "unicode": "e622",
      "unicode_decimal": 58914
    },
    {
      "icon_id": "5769645",
      "name": "发布",
      "font_class": "fabu",
      "unicode": "e628",
      "unicode_decimal": 58920
    },
    {
      "icon_id": "10164909",
      "name": "城市",
      "font_class": "chengshi",
      "unicode": "e665",
      "unicode_decimal": 58981
    },
    {
      "icon_id": "11372699",
      "name": "时间",
      "font_class": "shijian",
      "unicode": "e8b8",
      "unicode_decimal": 59576
    },
    {
      "icon_id": "20125461",
      "name": "下拉菜单",
      "font_class": "xialacaidan",
      "unicode": "e601",
      "unicode_decimal": 58881
    },
    {
      "icon_id": "77156",
      "name": "微信",
      "font_class": "weixin",
      "unicode": "e600",
      "unicode_decimal": 58880
    },
    {
      "icon_id": "705691",
      "name": "完成",
      "font_class": "wancheng",
      "unicode": "e627",
      "unicode_decimal": 58919
    },
    {
      "icon_id": "1275451",
      "name": "公告",
      "font_class": "gonggao",
      "unicode": "e678",
      "unicode_decimal": 59000
    },
    {
      "icon_id": "4937000",
      "name": "github-fill",
      "font_class": "github-fill",
      "unicode": "e885",
      "unicode_decimal": 59525
    },
    {
      "icon_id": "5093356",
      "name": "网络",
      "font_class": "wangluo",
      "unicode": "e608",
      "unicode_decimal": 58888
    },
    {
      "icon_id": "6560993",
      "name": "我的文章",
      "font_class": "wodewenzhang",
      "unicode": "e618",
      "unicode_decimal": 58904
    },
    {
      "icon_id": "7090045",
      "name": "回复",
      "font_class": "huifu",
      "unicode": "e70e",
      "unicode_decimal": 59150
    },
    {
      "icon_id": "10937697",
      "name": "赞",
      "font_class": "good",
      "unicode": "e62a",
      "unicode_decimal": 58922
    },
    {
      "icon_id": "11756469",
      "name": "问答",
      "font_class": "V",
      "unicode": "e72d",
      "unicode_decimal": 59181
    },
    {
      "icon_id": "12753474",
      "name": "编辑文章",
      "font_class": "bianjiwenzhang_huaban",
      "unicode": "e62e",
      "unicode_decimal": 58926
    },
    {
      "icon_id": "17830630",
      "name": "搜索",
      "font_class": "sousuo",
      "unicode": "e602",
      "unicode_decimal": 58882
    },
    {
      "icon_id": "28550225",
      "name": "消息",
      "font_class": "xiaoxi",
      "unicode": "e685",
      "unicode_decimal": 59013
    },
    {
      "icon_id": "29798017",
      "name": "消息",
      "font_class": "xiaoxi1",
      "unicode": "100d0",
      "unicode_decimal": 65744
    }
  ]
}
